{"cameraMode":{"drawMode":0,"name":"Shaded","section":"Shading Mode"},"sceneLighting":true,"audioPlay":false,"sceneViewState":{"showFog":true,"showMaterialUpdate":false,"showSkybox":false,"showFlares":true,"showImageEffects":true,"showParticleSystems":true},"in2DMode":false,"pivot":{"x":4.842966556549072,"y":0.2036265879869461,"z":-0.3936002552509308},"rotation":{"x":-0.0756976306438446,"y":-0.6398438215255737,"z":-0.06355264782905579,"w":0.7621238231658936},"size":0.9635002017021179,"orthographic":false}