{"cameraMode":{"drawMode":0,"name":"Shaded","section":"Shading Mode"},"sceneLighting":false,"audioPlay":false,"sceneViewState":{"showFog":true,"showMaterialUpdate":false,"showSkybox":false,"showFlares":true,"showImageEffects":true,"showParticleSystems":true},"in2DMode":false,"pivot":{"x":168.9337921142578,"y":14.273615837097168,"z":121.92808532714844},"rotation":{"x":-0.07709776610136032,"y":0.591006338596344,"z":-0.05695004016160965,"w":-0.8009552955627441},"size":1.2018988132476807,"orthographic":false}