{"cameraMode":{"drawMode":0,"name":"Shaded","section":"Shading Mode"},"sceneLighting":false,"audioPlay":false,"sceneViewState":{"showFog":true,"showMaterialUpdate":false,"showSkybox":false,"showFlares":true,"showImageEffects":true,"showParticleSystems":true},"in2DMode":false,"pivot":{"x":-231.415771484375,"y":20.673900604248048,"z":-196.90081787109376},"rotation":{"x":-0.02958035096526146,"y":0.9695400595664978,"z":-0.19180527329444886,"w":-0.14952248334884644},"size":17.990060806274415,"orthographic":false}