{"cameraMode":{"drawMode":0,"name":"Shaded","section":"Shading Mode"},"sceneLighting":false,"audioPlay":false,"sceneViewState":{"showFog":true,"showMaterialUpdate":false,"showSkybox":false,"showFlares":true,"showImageEffects":true,"showParticleSystems":true},"in2DMode":false,"pivot":{"x":12.617741584777832,"y":-1.779675006866455,"z":-3.316986560821533},"rotation":{"x":0.055862460285425189,"y":0.7955001592636108,"z":-0.07418662309646607,"w":0.5988145470619202},"size":19.277833938598634,"orthographic":false}