{"cameraMode":{"drawMode":0,"name":"Shaded","section":"Shading Mode"},"sceneLighting":false,"audioPlay":false,"sceneViewState":{"showFog":true,"showMaterialUpdate":false,"showSkybox":false,"showFlares":true,"showImageEffects":true,"showParticleSystems":true},"in2DMode":false,"pivot":{"x":139.02125549316407,"y":-3.3995375633239748,"z":115.26715850830078},"rotation":{"x":-0.028102554380893709,"y":0.9613308906555176,"z":-0.10714815557003021,"w":-0.25213539600372317},"size":4.59242582321167,"orthographic":false}