{"cameraMode":{"drawMode":0,"name":"Shaded","section":"Shading Mode"},"sceneLighting":true,"audioPlay":false,"sceneViewState":{"showFog":true,"showMaterialUpdate":false,"showSkybox":true,"showFlares":true,"showImageEffects":true,"showParticleSystems":true},"in2DMode":false,"pivot":{"x":0.04775094985961914,"y":0.9359450340270996,"z":0.004575014114379883},"rotation":{"x":0.10999543219804764,"y":0.1987297236919403,"z":-0.022472882643342019,"w":0.9736467003822327},"size":2.1210060119628908,"orthographic":false}