{"cameraMode":{"drawMode":6,"name":"Overdraw","section":"Miscellaneous"},"sceneLighting":false,"audioPlay":false,"sceneViewState":{"showFog":true,"showMaterialUpdate":false,"showSkybox":false,"showFlares":true,"showImageEffects":true,"showParticleSystems":true},"in2DMode":false,"pivot":{"x":-82.5399398803711,"y":3.861006259918213,"z":-99.67147827148438},"rotation":{"x":-0.13517320156097413,"y":-0.7947873473167419,"z":0.19197194278240205,"w":-0.5596321225166321},"size":7.8131279945373539,"orthographic":false}