{"cameraMode":{"drawMode":0,"name":"Shaded","section":"Shading Mode"},"sceneLighting":false,"audioPlay":false,"sceneViewState":{"showFog":true,"showMaterialUpdate":false,"showSkybox":false,"showFlares":true,"showImageEffects":true,"showParticleSystems":true},"in2DMode":false,"pivot":{"x":-0.8227860927581787,"y":-0.46079254150390627,"z":0.10475826263427735},"rotation":{"x":0.030431941151618959,"y":-0.9186299443244934,"z":0.38731592893600466,"w":0.07241750508546829},"size":2.121108293533325,"orthographic":false}