{"cameraMode":{"drawMode":0,"name":"Shaded","section":"Shading Mode"},"sceneLighting":false,"audioPlay":false,"sceneViewState":{"showFog":true,"showMaterialUpdate":false,"showSkybox":false,"showFlares":true,"showImageEffects":true,"showParticleSystems":true},"in2DMode":false,"pivot":{"x":2.9609296321868898,"y":2.5296618938446047,"z":3.2559731006622316},"rotation":{"x":0.024017032235860826,"y":-0.964798629283905,"z":0.2441045641899109,"w":0.09495814144611359},"size":5.943307876586914,"orthographic":false}