{"cameraMode":{"drawMode":0,"name":"Shaded","section":"Shading Mode"},"sceneLighting":false,"audioPlay":false,"sceneViewState":{"showFog":true,"showMaterialUpdate":false,"showSkybox":false,"showFlares":true,"showImageEffects":true,"showParticleSystems":true},"in2DMode":false,"pivot":{"x":-0.0729471817612648,"y":-0.348821759223938,"z":0.2361910343170166},"rotation":{"x":0.26523536443710329,"y":-0.018799619749188424,"z":0.005172682460397482,"w":0.9639869928359985},"size":0.7502736449241638,"orthographic":false}