{"cameraMode":{"drawMode":0,"name":"Shaded","section":"Shading Mode"},"sceneLighting":false,"audioPlay":false,"sceneViewState":{"showFog":true,"showMaterialUpdate":false,"showSkybox":false,"showFlares":true,"showImageEffects":true,"showParticleSystems":true},"in2DMode":false,"pivot":{"x":-0.7591444849967957,"y":0.024127161130309106,"z":1.8694320917129517},"rotation":{"x":-0.08824766427278519,"y":0.9013318419456482,"z":-0.2191442996263504,"w":-0.3630289137363434},"size":0.9648721218109131,"orthographic":false}