{"cameraMode":{"drawMode":0,"name":"Shaded","section":"Shading Mode"},"sceneLighting":false,"audioPlay":false,"sceneViewState":{"showFog":true,"showMaterialUpdate":false,"showSkybox":false,"showFlares":true,"showImageEffects":true,"showParticleSystems":true},"in2DMode":false,"pivot":{"x":168.74354553222657,"y":14.885087966918946,"z":122.59292602539063},"rotation":{"x":-0.38447436690330508,"y":0.1073395311832428,"z":-0.04511929675936699,"w":-0.9157631993293762},"size":1.7800014019012452,"orthographic":false}