{"cameraMode":{"drawMode":0,"name":"Shaded","section":"Shading Mode"},"sceneLighting":false,"audioPlay":false,"sceneViewState":{"showFog":true,"showMaterialUpdate":false,"showSkybox":false,"showFlares":true,"showImageEffects":true,"showParticleSystems":true},"in2DMode":false,"pivot":{"x":0.3968541622161865,"y":0.13450145721435548,"z":0.9364762306213379},"rotation":{"x":-0.28309366106987,"y":-0.32602378726005556,"z":0.10300272703170777,"w":-0.8960927724838257},"size":3.148996114730835,"orthographic":false}