{"cameraMode":{"drawMode":0,"name":"Shaded","section":"Shading Mode"},"sceneLighting":false,"audioPlay":false,"sceneViewState":{"showFog":true,"showMaterialUpdate":false,"showSkybox":false,"showFlares":true,"showImageEffects":true,"showParticleSystems":true},"in2DMode":false,"pivot":{"x":0.4392118752002716,"y":-0.9201912879943848,"z":2.613420009613037},"rotation":{"x":-0.2652886211872101,"y":0.001988004893064499,"z":-0.0005321375210769475,"w":-0.9641820788383484},"size":5.41019868850708,"orthographic":false}