{"cameraMode":{"drawMode":0,"name":"Shaded","section":"Shading Mode"},"sceneLighting":false,"audioPlay":false,"sceneViewState":{"showFog":true,"showMaterialUpdate":false,"showSkybox":false,"showFlares":true,"showImageEffects":true,"showParticleSystems":true},"in2DMode":false,"pivot":{"x":142.8485870361328,"y":-1.9256640672683716,"z":121.09530639648438},"rotation":{"x":0.10918460041284561,"y":-0.041412580758333209,"z":0.004620020743459463,"w":0.9931663274765015},"size":1.1587183475494385,"orthographic":false}