{"cameraMode":{"drawMode":0,"name":"Shaded","section":"Shading Mode"},"sceneLighting":false,"audioPlay":false,"sceneViewState":{"showFog":true,"showMaterialUpdate":false,"showSkybox":false,"showFlares":true,"showImageEffects":true,"showParticleSystems":true},"in2DMode":false,"pivot":{"x":58.7285041809082,"y":0.15999996662139893,"z":21.89995574951172},"rotation":{"x":-0.45662668347358706,"y":0.31937530636787417,"z":-0.18006183207035066,"w":-0.8107364177703857},"size":245.5531463623047,"orthographic":false}