{"cameraMode":{"drawMode":0,"name":"Shaded","section":"Shading Mode"},"sceneLighting":false,"audioPlay":false,"sceneViewState":{"showFog":true,"showMaterialUpdate":false,"showSkybox":false,"showFlares":true,"showImageEffects":true,"showParticleSystems":true},"in2DMode":false,"pivot":{"x":-1.2149401903152466,"y":-1.075903058052063,"z":-11.887094497680664},"rotation":{"x":-0.0028278250247240068,"y":0.9971619844436646,"z":-0.050899405032396319,"w":-0.055399324744939807},"size":6.6381754875183109,"orthographic":false}