{"cameraMode":{"drawMode":0,"name":"Shaded","section":"Shading Mode"},"sceneLighting":false,"audioPlay":false,"sceneViewState":{"showFog":true,"showMaterialUpdate":false,"showSkybox":false,"showFlares":true,"showImageEffects":true,"showParticleSystems":true},"in2DMode":false,"pivot":{"x":529.4639282226563,"y":180.95111083984376,"z":304.0484313964844},"rotation":{"x":-0.04541422054171562,"y":0.9378904700279236,"z":-0.31654247641563418,"w":-0.1345619261264801},"size":35.35533905029297,"orthographic":false}