{"cameraMode":{"drawMode":0,"name":"Shaded","section":"Shading Mode"},"sceneLighting":false,"audioPlay":false,"sceneViewState":{"showFog":true,"showMaterialUpdate":false,"showSkybox":false,"showFlares":true,"showImageEffects":true,"showParticleSystems":true},"in2DMode":false,"pivot":{"x":-48.087440490722659,"y":49.06187438964844,"z":12.131654739379883},"rotation":{"x":-0.15717734396457673,"y":-0.6496209502220154,"z":0.1391986608505249,"w":-0.7308539748191834},"size":22.449289321899415,"orthographic":false}