{"cameraMode":{"drawMode":0,"name":"Shaded","section":"Shading Mode"},"sceneLighting":false,"audioPlay":false,"sceneViewState":{"showFog":true,"showMaterialUpdate":false,"showSkybox":false,"showFlares":true,"showImageEffects":true,"showParticleSystems":true},"in2DMode":false,"pivot":{"x":520.1427612304688,"y":216.14051818847657,"z":371.89862060546877},"rotation":{"x":0.0712570771574974,"y":0.8472566604614258,"z":-0.513067364692688,"w":0.11766871064901352},"size":35.35533905029297,"orthographic":false}