{"cameraMode":{"drawMode":0,"name":"Shaded","section":"Shading Mode"},"sceneLighting":false,"audioPlay":false,"sceneViewState":{"showFog":true,"showMaterialUpdate":false,"showSkybox":false,"showFlares":true,"showImageEffects":true,"showParticleSystems":true},"in2DMode":false,"pivot":{"x":-5.073680877685547,"y":0.3799999952316284,"z":4.266754627227783},"rotation":{"x":0.007311066146939993,"y":0.896378755569458,"z":-0.4429945945739746,"w":0.014790629036724568},"size":10.0,"orthographic":false}