{"cameraMode":{"drawMode":0,"name":"Shaded","section":"Shading Mode"},"sceneLighting":false,"audioPlay":false,"sceneViewState":{"showFog":true,"showMaterialUpdate":false,"showSkybox":false,"showFlares":true,"showImageEffects":true,"showParticleSystems":true},"in2DMode":false,"pivot":{"x":5.399667739868164,"y":4.67475700378418,"z":-8.372950553894043},"rotation":{"x":0.022282425314188005,"y":-0.9752800464630127,"z":0.18658068776130677,"w":0.11751904338598252},"size":9.025069236755371,"orthographic":false}