{"cameraMode":{"drawMode":0,"name":"Shaded","section":"Shading Mode"},"sceneLighting":false,"audioPlay":false,"sceneViewState":{"showFog":true,"showMaterialUpdate":false,"showSkybox":false,"showFlares":true,"showImageEffects":true,"showParticleSystems":true},"in2DMode":false,"pivot":{"x":1.7145187854766846,"y":34.40534591674805,"z":21.53765296936035},"rotation":{"x":0.03430425003170967,"y":0.8084083199501038,"z":-0.5857158303260803,"w":0.04734526202082634},"size":32.6765251159668,"orthographic":false}