{"cameraMode":{"drawMode":0,"name":"Shaded","section":"Shading Mode"},"sceneLighting":true,"audioPlay":false,"sceneViewState":{"showFog":true,"showMaterialUpdate":false,"showSkybox":true,"showFlares":true,"showImageEffects":true,"showParticleSystems":true},"in2DMode":false,"pivot":{"x":602.6863403320313,"y":61.97914505004883,"z":237.50865173339845},"rotation":{"x":-0.05209891125559807,"y":0.8993870615959168,"z":-0.11771117150783539,"w":-0.4187450110912323},"size":0.05254530906677246,"orthographic":false}