{"cameraMode":{"drawMode":0,"name":"Shaded","section":"Shading Mode"},"sceneLighting":false,"audioPlay":false,"sceneViewState":{"showFog":true,"showMaterialUpdate":false,"showSkybox":false,"showFlares":true,"showImageEffects":true,"showParticleSystems":true},"in2DMode":false,"pivot":{"x":515.2470092773438,"y":187.8102264404297,"z":305.0870056152344},"rotation":{"x":0.0712570771574974,"y":0.8472566604614258,"z":-0.513067364692688,"w":0.11766871064901352},"size":35.35533905029297,"orthographic":false}