{"cameraMode":{"drawMode":0,"name":"Shaded","section":"Shading Mode"},"sceneLighting":false,"audioPlay":false,"sceneViewState":{"showFog":true,"showMaterialUpdate":false,"showSkybox":false,"showFlares":true,"showImageEffects":true,"showParticleSystems":true},"in2DMode":false,"pivot":{"x":-0.9950213432312012,"y":-7.644998550415039,"z":-3.082895278930664},"rotation":{"x":-0.35147687792778017,"y":-0.06444121152162552,"z":0.024492977187037469,"w":-0.9338291883468628},"size":21.714630126953126,"orthographic":false}