{"cameraMode":{"drawMode":0,"name":"Shaded","section":"Shading Mode"},"sceneLighting":false,"audioPlay":false,"sceneViewState":{"showFog":true,"showMaterialUpdate":false,"showSkybox":false,"showFlares":true,"showImageEffects":true,"showParticleSystems":true},"in2DMode":false,"pivot":{"x":-0.1306987702846527,"y":0.49273109436035159,"z":-0.05050317943096161},"rotation":{"x":0.00034505545045249164,"y":-0.9960788488388062,"z":0.08838369697332382,"w":0.0038926037959754469},"size":0.31449034810066225,"orthographic":false}