{"cameraMode":{"drawMode":0,"name":"Shaded","section":"Shading Mode"},"sceneLighting":false,"audioPlay":false,"sceneViewState":{"showFog":true,"showMaterialUpdate":false,"showSkybox":false,"showFlares":true,"showImageEffects":true,"showParticleSystems":true},"in2DMode":false,"pivot":{"x":503.2064514160156,"y":160.42303466796876,"z":283.2920837402344},"rotation":{"x":-0.06731725484132767,"y":0.9326444268226624,"z":-0.2551073431968689,"w":-0.24610772728919984},"size":35.35533905029297,"orthographic":false}