{"cameraMode":{"drawMode":0,"name":"Shaded","section":"Shading Mode"},"sceneLighting":false,"audioPlay":false,"sceneViewState":{"showFog":true,"showMaterialUpdate":false,"showSkybox":false,"showFlares":true,"showImageEffects":true,"showParticleSystems":true},"in2DMode":false,"pivot":{"x":-7.899257183074951,"y":-3.566492795944214,"z":-4.80611515045166},"rotation":{"x":0.0032987748272717,"y":0.9612735509872437,"z":-0.27537795901298525,"w":0.011537180282175541},"size":11.192863464355469,"orthographic":false}