{"cameraMode":{"drawMode":0,"name":"Shaded","section":"Shading Mode"},"sceneLighting":false,"audioPlay":false,"sceneViewState":{"showFog":true,"showMaterialUpdate":false,"showSkybox":false,"showFlares":true,"showImageEffects":true,"showParticleSystems":true},"in2DMode":false,"pivot":{"x":-1.8274003267288209,"y":-8.054885864257813,"z":16.03388023376465},"rotation":{"x":-0.3119449019432068,"y":-0.06750256568193436,"z":0.021863866597414018,"w":-0.9475842714309692},"size":14.504142761230469,"orthographic":false}