{"cameraMode":{"drawMode":0,"name":"Shaded","section":"Shading Mode"},"sceneLighting":false,"audioPlay":false,"sceneViewState":{"showFog":true,"showMaterialUpdate":false,"showSkybox":false,"showFlares":true,"showImageEffects":true,"showParticleSystems":true},"in2DMode":false,"pivot":{"x":96.24000549316406,"y":0.15999996662139893,"z":21.899999618530275},"rotation":{"x":-0.00833514891564846,"y":0.8792068362236023,"z":-0.476327508687973,"w":-0.01590624265372753},"size":11.188138008117676,"orthographic":false}