{"cameraMode":{"drawMode":0,"name":"Shaded","section":"Shading Mode"},"sceneLighting":false,"audioPlay":false,"sceneViewState":{"showFog":true,"showMaterialUpdate":false,"showSkybox":false,"showFlares":true,"showImageEffects":true,"showParticleSystems":true},"in2DMode":false,"pivot":{"x":518.4159545898438,"y":214.6894989013672,"z":377.742919921875},"rotation":{"x":0.01590219885110855,"y":0.9049679636955261,"z":-0.42383241653442385,"w":0.03395162895321846},"size":26.751230239868165,"orthographic":false}